Elite Massage,5.0
Angel-A Massage,4.333333333333333
Aurora Massage,4.178571428571429
J B Oriental Inc,4.166666666666667
